Product,Price
"GALAXIUM Lunette Eclipse Solaire ISO 12312-2 Lot de 6 paires de lunettes solaires certifiées ISO Canada 2024 pour la visualisation directe des éclipses solaires, Multicolore., Taille unique","19,95 $"
Carhartt Mens Loose Fit Heavyweight Short-Sleeve Pocket T-Shirt,"21,74 $"
"Gailife Soutien-gorge lisse pour femme, couverture complète, soutien-gorge sans armatures, sans armatures, soutien-gorge ultra confortable avec extension de soutien-gorge supplémentaire","32,99 $"
wirarpa Lot de 5 culottes confortables à taille haute en coton doux pour femme (taille normale et grande),"28,89 $"
RIROW Sweat à capuche gaufré à manches longues et cordon de serrage pour femme S-3XL,"19,89 $"
"Mountain Voyage Portefeuille minimaliste pour homme – Portefeuille fin RFID résistant aux rayures, porte-cartes de crédit et pince à billets, facilement amovible, portefeuille pour homme, Noir mat.,","17,80 $"
Apple iPad 2018 32 Go – WiFi uniquement – Gris sidéral (renouvelé),"198,98 $"
Apple AirPods 2 avec étui de chargement - Blanc (renouvelé),"117,92 $"
"Apple – iPhone 12, 64 Go, entièrement débloqué, noir, (remis à neuf)","396,21 $"
"Apple Watch SE (2nd Gen) (GPS + Cellular 40mm) Starlight Aluminium Case with Starlight Sport Band, Regular (Renewed)","270,17 $"
"Apple iPhone 13, 128 Go, minuit, débloqué (renouvelé)","510,14 $"
"Samsung Galaxy S20 FE (5G) Smartphone débloqué avec écran 128 Go 6,5"" – Bleu marine nuage (renouvelé)","282,90 $"
"Parure de lit 4 pièces pour grand lit – Draps faciles à installer, confortables, respirants, rafraîchissants, doux et infroissables – Poches profondes – Unisexe – Blanc","29,99 $"
"Utopia Bedding – Parure de lit 4 pièces pour lit deux places, tissu en microfibre brossée douce, résistant au rétrécissement et à la décoloration, facile d’entretien (grand lit, gris)","27,99 $"
"NinjaNC301C, Crème glacée à Creami, Gelato, Milkshake, Sorbet, Bol Smoothie et Crème glacée Lite, 7 Programmes one-Touch (Version canadienne)","199,98 $"
"Utopia Bedding Lot de 2 oreillers de lit rafraîchissants à soufflets pour dormir sur le dos, le ventre ou le côté (pour grand lit, gris)","39,99 $"
"Stanley Quencher H2.0 FlowState Gobelet isotherme en acier inoxydable avec couvercle et paille pour eau, thé glacé ou café, smoothie et plus encore, quartz rose, 887 ml","46,00 $"
"Purificateurs d'air pour chambre à coucher, maison, purificateur d'air HEPA 13 20 dB avec aromathérapie pour un meilleur sommeil, filtre à air 99,99 % fumée, allergies, squames d'animaux, odeurs,","99,99 $"
"Bounty Select-A-Size Lot de 8 rouleaux de papier essuie-tout double Plus = 20 rouleaux normaux, blanc","20,99 $"
"Royale Lot de 12 rouleaux de papier toilette en velours, 142 rouleaux de papier toilette par rouleau","7,97 $"
"Sacs poubelle blancs Glad - Grands, 45 litres - ForceFlex, avec cordon de serrage et parfum Frais et Propre de Febreze, 50 sacs poubelle","11,88 $"
"Jacked Factory Monohydrate Poudre de créatine 425 g – Complément de créatine pour la croissance musculaire, augmentation de la force, amélioration de la production d'énergie et amélioration des","29,99 $"
"AmazonBasics Lot de 20 piles alcalines Type AA 1,5 V 2875 mAh (design variable)","11,67 $"
Cottonelle Ultra Clean Lot de 12 rouleaux de papier toilette résistant (12 méga rouleaux = 48 rouleaux standards),"15,97 $"
"Sunstar 888JC GUM Lot de 150 fils dentaires de soins avancés, menthe fraîche, vitamine E et fluorure (l'emballage peut varier)","5,99 $"
"Grace and Stella Lot de 24 masques sous les yeux - Réduit les cernes, les yeux gonflés, les poches sous les yeux, les rides - Patchs en gel - Soins végétaliens sans cruauté envers les animaux - Doré","27,95 $"
"Softsoap Recharge de savon liquide antibactérien pour les mains – Clean Aloe Vera 1,47 litre – Lavage hydratant pour les mains, Savon a Main, testé dermatologiquement, pour une peau douce et lisse","7,47 $"
"Rael Timbre absorbant pour boutons d'acné – Couverture absorbante, invisible, taches d'imperfection, hydrocolloïde, traitement de la peau, autocollants faciaux, deux tailles, se confondent avec la peau (96 timbres, 4 paquets)","24,99 $"
"CeraVe Sérum rétinol resurfaçage pour le visage avec niacinamide. Aide à unifier le teint de la peau, la douceur de la peau, les marques post-acné et le minimiseur de pores. Doux, sans parfum, non","17,99 $"
Crème hydratante au rétinol pour le visage – Crème hydratante de jour et de nuit – Crème pour le cou et le décolleté avec collagène et acide hyaluronique – Soin de la peau hydratant pour le visage pour homme et femme,"17,99 $"
"TOSY Flying Ring - 12 LEDs, Super Bright, Soft, Auto Light Up, Safe, Waterproof, Lightweight Frisbee, Cool Birthday, Camping, Easter Basket Stuffers & Outdoor/Indoor Gift Toy for Boys/Girls/Kids","21,99 $"
"Owala FreeSip Bouteille d'eau isotherme en acier inoxydable avec paille pour le sport et les voyages, sans BPA, 946 ml, champ de rêve","42,99 $"
"Gritin – lot de 5 bandes de résistance pour entraînement physique, non agressives pour la peau – Bandes à boucle à 5 niveaux de résistance différents – Housse de rangement pour transport offerte – Idéales pour la maison, la gym, le yoga, l’entraînement","13,49 $"
Amazon Basics Ensemble d'haltères avec revêtement en néoprène,"57,93 $"
"Sahara Sailor Gohippos Bouteille d'eau de sport motivante avec marqueur de temps – Tritan – Sans BPA, large goulot étanche, technologie à débit rapide avec brosse de nettoyage par Gohippos (1 bouteille)","16,99 $"
"Retrospec Solana Yoga Mat 1/2"" Thick w/Nylon Strap for Men & Women - Non Slip Excercise Mat for Yoga, Pilates, Stretching, Floor & Fitness Workouts, Black","33,17 $"
